Id,Model,Price
3,Â TOYOTA Corolla 2.0 D4D HATCHB TERRA 2/3-Doors,14675.03344
4,TOYOTA Corolla 2.0 D4D HATCHB TERRA 2/3-Doors,14675.03344
6,TOYOTA Corolla 2.0 D4D HATCHB SOL 2/3-Doors,14895.09497
7,Â TOYOTA Corolla 2.0 D4D 90 3DR TERRA 2/3-Doors,15640.197
8,TOYOTA Corolla 2.0 D4D 90 3DR TERRA 2/3-Doors,15946.89051
9,Â TOYOTA Corolla 1800 T SPORT VVT I 2/3-Doors,18489.77417
10,Â TOYOTA Corolla 1.9 D HATCHB TERRA 2/3-Doors,13111.67602
12,TOYOTA Corolla 1.8 16V VVTLI 3DR T SPORT BNS 2/3-Doors,21060.20975
15,TOYOTA Corolla 1.8 16V VVTLI 3DR T SPORT 2/3-Doors,21060.20975
19,TOYOTA Corolla 1.6 16v L.SOL 2/3-Doors,16730.90601
25,TOYOTA Corolla 1.6 16V VVT I 3DR SOL 2/3-Doors,17840.38832
29,TOYOTA Corolla 1.6 16V VVT I 3DR SOL 2/3-Doors,17840.38832
32,TOYOTA Corolla 1.4 16V VVT I 3DR TERRA COMFORT 2/3-Doors,15257.93809
35,Â TOYOTA Corolla 1.4 16V VVT I 3DR TERRA COMFORT 2/3-Doors,14951.24538
40,Â TOYOTA Corolla 1.4 16V VVT I 3DR 2/3-Doors,14780.85737
45,TOYOTA Corolla 2.0 D4D 90 5DR TERRA COMFORT 4/5-Doors,16139.46696
46,Â TOYOTA Corolla 2.0 D4D 90 5DR SOL 4/5-Doors,18245.53769
50,TOYOTA Corolla 1.8 16V VVTLI 5DR T SPORT 4/5-Doors,21159.55679
51,TOYOTA Corolla 2.0 D4D 90 5DR TERRA COMFORT 4/5-Doors,16139.46696
61,TOYOTA Corolla 1.4 16V VVT I 5DR TERRA COMFORT 4/5-Doors,15050.59243
68,TOYOTA Corolla 1.4 16V VVT I 5DR TERRA COMFORT 4/5-Doors,15050.59243
69,TOYOTA Corolla 2.0 D4D 110 5DR SOL 4/5-Doors,19296.33406
72,TOYOTA Corolla 1.4 16V VVT I LIFTB TERRA 4/5-Doors,14860.54991
74,Â TOYOTA Corolla 1.4 16V VVT I 5DR 4/5-Doors,14573.51172
75,Â TOYOTA Corolla 1.6 16V VVT I 5DR SOL 4/5-Doors,17939.73536
80,TOYOTA Corolla 1.4 16V VVT I 5DR TERRA 4/5-Doors,15357.28513
82,TOYOTA Corolla 1.6 16V VVT I 5DR TERRA 4/5-Doors,15526.97192
83,Â TOYOTA Corolla 1.4 16V VVT I 5DR 4/5-Doors,14573.51172
90,TOYOTA Corolla 2.0 D4D 110 3DR SOL 2/3-Doors,20834.83248
96,TOYOTA Corolla 2.0 D4D Linea Sol 3 Doors 2/3-Doors,19792.32027
103,TOYOTA Corolla 1.4 VVT-i Sol 2/3-Doors,15934.69927
108,TOYOTA Corolla 1.4 16V VVT I 3DR 2/3-Doors,16895.78355
111,Â TOYOTA Corolla VERSO 2.0 D4D SOL (7) BNS MPV,25007.31182
113,TOYOTA Corolla VERSO 2.0 D4D SOL (7) MPV,25007.31182
121,TOYOTA Corolla 2.0 D4D 110 5DR EXEC BNS 4/5-Doors,20934.17953
122,TOYOTA Corolla 1.6 16V VVT I 5DR TERRA COMFORT 4/5-Doors,16858.12469
125,TOYOTA Corolla 1.6 16V VVT I 5DR SOL 4/5-Doors,19577.58083
141,TOYOTA Corolla 1.6i 16V VVT I SOL + Navigatie 4/5-Doors,19270.88812
145,TOYOTA Corolla 1.6 16V VVT I SEDAN TERRA COMF 4/5-Doors,16916.44978
147,Â TOYOTA Corolla 1.4 16V VVT I 5DR TERRA 4/5-Doors,16995.1306
155,Â TOYOTA Corolla 1.6 16V VVT I 5DR TERRA COMFORT 4/5-Doors,17164.81739
157,TOYOTA Corolla 1.4 16V VVT I SEDAN TERRA COMF 4/5-Doors,16746.76298
159,TOYOTA Corolla 1.6 16V VVT I 5DR TERRA COMFORT 4/5-Doors,17164.81739
162,TOYOTA Corolla 1.6 16V VVT I SEDAN SOL 4/5-Doors,19329.21321
172,TOYOTA Corolla 1.6-16v VVT-i Linea Terra Comfort AIRCO NIEUW 5DRS 4/5-Doors,16204.35565
175,Â TOYOTA Corolla 1.4 16V VVT I 5DR LUNA 4/5-Doors,18326.28336
178,TOYOTA Corolla 1.6 16V VVT I 5DR TERRA COMFORT 4/5-Doors,18495.97015
181,TOYOTA Corolla 1.6 16V VVT I 5DR EXEC 4/5-Doors,21215.42629
182,TOYOTA Corolla 1.6 VVT-I 5DR LINEA TERRA 4/5-Doors,17842.20112
183,TOYOTA Corolla 1.4 16V VVT I 5DR TERRA COMFORT 4/5-Doors,18326.28336
184,TOYOTA Corolla 1.4 16V 5DR TERRA 4/5-Doors,18632.97606
187,TOYOTA Corolla 1.6-16v VVT-i Linea Terra Comfort NIEUW AIRCO 5drs 4/5-Doors,17842.20112
191,TOYOTA Corolla 1.6 16V VVT I HATCHB TERRA 2/3-Doors,13232.44774
192,TOYOTA Corolla 1.9 D HATCHB TERRA 2/3-Doors,11473.83056
194,TOYOTA Corolla 1.8D 4/5-Doors,11696.23639
197,TOYOTA Corolla 1.6 16V VVT I LIFTB LUNA 4/5-Doors,13185.04558
199,TOYOTA Corolla 2.0 D4D LIFTB SOL 4/5-Doors,13604.96417
201,TOYOTA Corolla 1.6 16V VVT I LIFTB TERRA 4/5-Doors,13886.8551
204,TOYOTA Corolla 1.6 16V VVT I LIFTB LUNA 4/5-Doors,13491.73828
208,TOYOTA Corolla 1.6 16V VVT I LIFTB TERRA 4/5-Doors,13185.04558
210,TOYOTA Corolla 1.6 16V VVT I LIFTB SOL 4/5-Doors,13234.7191
213,TOYOTA Corolla 2.0 D4D LIFTB SOL 4/5-Doors,13604.96417
218,TOYOTA Corolla 1.9 D HATCHB TERRA 2/3-Doors,12257.60397
219,TOYOTA Corolla 1.4 16V VVT I HATCHB TERRA 2/3-Doors,12335.75614
220,TOYOTA Corolla 1.4 16V VVT I HATCHB TERRA 2/3-Doors,12335.75614
221,TOYOTA Corolla 1.6 16V VVT I LIFTB LUNA 4/5-Doors,13491.73828
222,TOYOTA Corolla 1.6 Terra LB 4/5-Doors,12707.96486
224,TOYOTA Corolla 1.6 16V VVT I LIFTB LUNA 4/5-Doors,13495.05194
232,TOYOTA Corolla 1.4 16V VVT I HATCHB TERRA 2/3-Doors,12335.75614
235,TOYOTA Corolla 1.6 16V VVT I HATCHB SOL 2/3-Doors,13131.54421
240,TOYOTA Corolla 1.6 16V VVT I LIFTB SOL AUT4 4/5-Doors,13532.76023
241,TOYOTA Corolla 1.6 VVT-i Linea Sol 4/5-Doors,13234.7191
244,TOYOTA Corolla 1.6 16V VVT I HATCHB SOL 2/3-Doors,12824.85151
245,TOYOTA Corolla 2.0 D4D HATCHB TERRA 2/3-Doors,13037.18798
246,TOYOTA Corolla 1.6 16V VVT I LIFTB LUNA 4/5-Doors,13491.73828
247,TOYOTA Corolla 1.6 16V VVT I LIFTB LUNA 4/5-Doors,13491.73828
248,TOYOTA Corolla 1.6 16V HATCHB LINEA TERRA 2/3-Doors,12704.13702
252,TOYOTA Corolla 1.6 16V VVT I LIFTB TERRA 4/5-Doors,13014.65757
259,TOYOTA Corolla 1.4 16V VVT I HATCHB TERRA 2/3-Doors,12335.75614
260,TOYOTA Corolla 1.4 16V VVT I HATCHB TERRA 2/3-Doors,12029.06344
262,TOYOTA Corolla 1.4 16V VVT I HATCHB TERRA 2/3-Doors,12029.06344
267,TOYOTA Corolla 1.6 16V VVT I LIFTB LUNA 4/5-Doors,13491.73828
268,TOYOTA Corolla 1.6 16V VVT I LIFTB SOL 4/5-Doors,13541.4118
271,TOYOTA Corolla 1.6 16V VVT I HATCHB TERRA 2/3-Doors,12775.17799
273,TOYOTA Corolla 1.6 16V VVT I WAGON TERRA Stationwagen,13014.65757
275,TOYOTA Corolla 1.6 16V VVT I SEDAN TERRA 4/5-Doors,12982.52364
282,TOYOTA Corolla 1.4 16V VVT I LIFTB LUNA 4/5-Doors,13222.70444
283,TOYOTA Corolla 1.6 16V VVT I LIFTB SOL 4/5-Doors,13541.4118
294,TOYOTA Corolla 1.6 16V HATCHB LINEA TERRA 2/3-Doors,12397.44432
299,TOYOTA Corolla 1.6 16V VVT I LIFTB SOL 4/5-Doors,13541.4118
303,TOYOTA Corolla 1.6 16V VVT I HATCHB SOL 2/3-Doors,13131.54421
305,TOYOTA Corolla 1.4 16V VVT I HATCHB TERRA 2/3-Doors,12339.0698
307,TOYOTA Corolla 1.4 16V VVT I LIFTB TERRA 4/5-Doors,12745.62373
311,TOYOTA Corolla 1.6 16V VVT I LIFTB LUNA 4/5-Doors,13491.73828
314,TOYOTA Corolla 1.4 16V VVT I HATCHB TERRA 2/3-Doors,12029.06344
315,TOYOTA Corolla 1.4 16V VVT I LIFTB LUNA 4/5-Doors,12916.01174
324,TOYOTA Corolla 1.6 VVTi Linea terra 4/5-Doors,12928.66472
326,TOYOTA Corolla 1.6 16V VVT I LIFTB LUNA 4/5-Doors,13185.04558
328,TOYOTA Corolla 1.4 16V VVT I HATCHB TERRA 2/3-Doors,12029.06344
331,TOYOTA Corolla 1.6 16V VVT I LIFTB TERRA 4/5-Doors,13014.65757
339,TOYOTA Corolla 1.6I LIFTBACK 4/5-Doors,12928.66472
341,TOYOTA Corolla 1.6 16V VVT I HATCHB TERRA 2/3-Doors,13081.87069
342,TOYOTA Corolla 1.6 16V VVT I LIFTB TERRA 4/5-Doors,13014.65757
356,TOYOTA Corolla 1.4 16V VVT I LIFTB LUNA 4/5-Doors,13222.70444
361,Â TOYOTA Corolla 1.6 16V VVT I LIFTB SOL 4/5-Doors,13541.4118
363,TOYOTA Corolla 1.6 16V VVT I HATCHB TERRA 2/3-Doors,12604.78998
368,TOYOTA Corolla 1.3 16V LIFTB LINEA TERRA 4/5-Doors,12218.84977
374,TOYOTA Corolla 1.6 16V VVT I LIFTB TERRA 4/5-Doors,13491.73828
376,TOYOTA Corolla 1.4 LB LINEA TERRA 4/5-Doors,12907.9985
378,TOYOTA Corolla 1.4 16V VVT I LIFTB LUNA 4/5-Doors,12916.01174
381,Â TOYOTA Corolla 1.9 D HATCHB SOL 2/3-Doors,10362.73933
394,TOYOTA Corolla 1.9 D WAGON TERRA Stationwagen,10183.69975
395,TOYOTA Corolla 1.6 16V VVT I WAGON TERRA Stationwagen,11547.20011
400,TOYOTA Corolla 2.0 D4D HATCHB TERRA 2/3-Doors,11092.64981
402,TOYOTA Corolla 1.6 16V VVT I SEDAN TERRA 4/5-Doors,11394.3517
403,TOYOTA Corolla 1.4 16V VVT I HATCHB TERRA 2/3-Doors,10697.91067
405,TOYOTA Corolla 2.0D 4/5-Doors,9602.476023
406,TOYOTA Corolla 1.4 16V VVT I LIFTB TERRA 4/5-Doors,11107.77827
408,TOYOTA Corolla 1.6 16V LIFTB LINEA LUNA 4/5-Doors,11853.89282
411,TOYOTA Corolla 1.4 16V VVT I LIFTB TERRA 4/5-Doors,11584.85898
412,TOYOTA Corolla 1.6 16V VVT I LIFTB SOL 4/5-Doors,11903.56634
415,TOYOTA Corolla 1.9 D LIFTB TERRA 4/5-Doors,10183.69975
422,Â TOYOTA Corolla 1.3 16V HATCHB LINEA TERRA 2/3-Doors,10552.69822
424,TOYOTA Corolla 1.4 16V VVT I HATCHB TERRA 2/3-Doors,10391.2179
425,TOYOTA Corolla 1.9 D LIFTB TERRA 4/5-Doors,10490.39245
426,Â TOYOTA Corolla LIFTBACK 1.4 VVT-i LINEA TERRA 4/5-Doors,10801.08556
427,Â TOYOTA Corolla 1.6 16V VVT I WAGON TERRA Stationwagen,11070.1194
428,Â TOYOTA Corolla 1.6 16V VVT I HATCHB TERRA 2/3-Doors,11444.02522
432,TOYOTA Corolla 1.6 16V VVT I WAGON TERRA Stationwagen,11376.8121
433,Â TOYOTA Corolla 1.6 16V VVT I HATCHB TERRA 2/3-Doors,10966.94451
436,TOYOTA Corolla 1.6 16V VVT I HATCHB TERRA AUT4 2/3-Doors,11327.13858
437,TOYOTA Corolla 1.4 VVT-i Linea Sol HB 2/3-Doors,10917.97221
438,TOYOTA Corolla 1.6 16V VVT I LIFTB TERRA 4/5-Doors,11376.8121
440,Â TOYOTA Corolla 1.6 16V VVT I LIFTB TERRA 4/5-Doors,11547.20011
441,TOYOTA Corolla 1.6 16V VVT I HATCHB TERRA 2/3-Doors,10660.25181
446,TOYOTA Corolla 1.6 16V VVT I LIFTB SOL 4/5-Doors,11903.56634
448,Â TOYOTA Corolla 1.6 16V VVT I SEDAN TERRA AUT4 4/5-Doors,11704.87225
449,Â TOYOTA Corolla 1.6 16V VVT I LIFTB SOL 4/5-Doors,11903.56634
453,TOYOTA Corolla 1.6 4/5-Doors,11568.73892
459,Â TOYOTA Corolla 1.6 16V VVT I SEDAN TERRA 4/5-Doors,10610.57829
460,TOYOTA Corolla 1.6 16V VVT I LIFTB SOL 4/5-Doors,11596.87363
461,TOYOTA Corolla 1.9 D Linea Terra 2/3-Doors,10313.06581
462,TOYOTA Corolla 1.6 16V VVT I HATCHB TERRA 2/3-Doors,10660.25181
469,TOYOTA Corolla 1.4 16V VVT I HATCHB TERRA 2/3-Doors,11174.99139
470,TOYOTA Corolla 1.6 16V WAGON LINEA LUNA Stationwagen,12002.91338
472,Â TOYOTA Corolla 1.6 16V VVT I HATCHB G6 4/5-Doors,11696.22068
473,TOYOTA Corolla 1.4 16V VVT I LIFTB TERRA 4/5-Doors,10801.08556
474,TOYOTA Corolla 1.4 16V VVT I HATCHB TERRA 2/3-Doors,10697.91067
480,TOYOTA Corolla 1.6 16V VVT I SEDAN TERRA 4/5-Doors,11087.659
482,TOYOTA Corolla 1.6 SDN LINEA SOL 4/5-Doors,11394.3517
486,Â TOYOTA Corolla 1.6 16V HATCHB LINEA TERRA 2/3-Doors,10759.59885
500,TOYOTA Corolla 1.6 16V HATCHB S 2/3-Doors,11543.37227
502,TOYOTA Corolla 1.4 16V VVT I HATCHB TERRA 2/3-Doors,10391.21797
509,TOYOTA Corolla 1.6 VVTI Linea Sol Sedan 4/5-Doors,11394.3517
511,TOYOTA Corolla 1.6 16V VVT I LIFTB TERRA 4/5-Doors,11070.1194
516,Â TOYOTA Corolla 1.4 16V VVT I HATCHB TERRA 2/3-Doors,10391.21797
518,TOYOTA Corolla 1.4 HB LINEA TERRA 2/3-Doors,10793.07232
530,TOYOTA Corolla 1.4 16V VVT I HATCHB TERRA 2/3-Doors,10391.21797
531,Â TOYOTA Corolla 1.6 16V VVT I HATCHB G6 2/3-Doors,11655.19873
533,TOYOTA Corolla 1.4 16V VVT I HATCHB TERRA 2/3-Doors,10697.91067
535,Â TOYOTA Corolla 1.6 16V VVT I HATCHB G6 2/3-Doors,11655.19873
543,Â TOYOTA Corolla LIFTBACK 1.6 Linea terra 4/5-Doors,11070.1194
547,Â TOYOTA Corolla 1.6 16V VVT I WAGON TERRA Stationwagen,11853.89282
551,TOYOTA Corolla 1.3 16V HATCHB G6 2/3-Doors,10958.73797
552,Â TOYOTA Corolla 1.4 16V VVT I HATCHB SOL 2/3-Doors,11224.66491
554,TOYOTA Corolla 1.6 Hatchback 2/3-Doors,11444.02522
560,TOYOTA Corolla 1.6 16V VVT I HATCHB G6 4/5-Doors,11696.22068
561,TOYOTA Corolla 1.3 16V LIFTB G6 4/5-Doors,10850.73936
566,TOYOTA Corolla 1.4 16V VVT I HATCHB TERRA 2/3-Doors,10391.21797
568,Â TOYOTA Corolla 1.4 16V VVT I HATCHB TERRA 2/3-Doors,10391.21797
572,Â TOYOTA Corolla 1.6 16V VVT I LIFTB TERRA 4/5-Doors,11547.20011
579,TOYOTA Corolla 1.6 16V VVT I WAGON TERRA Stationwagen,11376.8121
580,Â TOYOTA Corolla 1.6 16V VVT I LIFTB TERRA 4/5-Doors,11853.89282
582,TOYOTA Corolla 1.6 16V HATCHB LINEA TERRA 2/3-Doors,11236.67957
583,TOYOTA Corolla 1.6 16V VVT I LIFTB SOL 4/5-Doors,11903.56634
591,Â TOYOTA Corolla 1.6 16V VVT I HATCHB G6 2/3-Doors,11655.19873
595,TOYOTA Corolla 1.4 16V VVT I LIFTB TERRA 4/5-Doors,10801.08556
598,TOYOTA Corolla 1.4 16V VVT I HATCHB TERRA 2/3-Doors,10391.21797
602,TOYOTA Corolla 1.4 16V VVT I HATCHB TERRA 2/3-Doors,10697.91067
605,TOYOTA Corolla 2.0 d HB Diesel 2/3-Doors,11946.38193
609,TOYOTA Corolla 1.3 16V SEDAN LINEA TERRA 4/5-Doors,8288.751478
613,TOYOTA Corolla 2.0 DSL SEDAN LINEA TERRA 4/5-Doors,8086.947466
614,TOYOTA Corolla 1.3 16V HATCHB LINEA TERRA 2/3-Doors,8914.852758
616,TOYOTA Corolla 2.0 DSL HATCHB LINEA LUNA 2/3-Doors,8762.722268
622,TOYOTA Corolla 1.6 16V G6 2/3-Doors,9759.508344
623,TOYOTA Corolla 2.0 DSL HATCHB LINEA TERRA 2/3-Doors,8235.968033
625,TOYOTA Corolla 2.0 DSL HATCHB LINEA TERRA 2/3-Doors,8235.968033
633,TOYOTA Corolla 1.6 16V HATCHB S 2/3-Doors,9598.834101
634,TOYOTA Corolla 2.0D XL Sedan 4/5-Doors,8434.662123
643,TOYOTA Corolla 2.0 DSL SEDAN LINEA TERRA 4/5-Doors,8086.947466
645,TOYOTA Corolla 1.6 VVT-i Linea Terra Comfort 4/5-Doors,10166.37383
647,TOYOTA Corolla 1.6 16V HATCHB G6 2/3-Doors,10116.70031
649,TOYOTA Corolla 1.6 16V SEDAN LINEA TERRA AUT4 4/5-Doors,9639.619593
654,TOYOTA Corolla 1.6 16V SEDAN LINEA TERRA 4/5-Doors,10213.77599
656,TOYOTA Corolla 1.6 G6-R 2/3-Doors,10682.20514
668,TOYOTA Corolla 1.6 16V LIFTB LINEA LUNA 4/5-Doors,10216.04735
670,TOYOTA Corolla 1.6 16V LIFTB LINEA LUNA 4/5-Doors,9909.354648
671,TOYOTA Corolla 1.6 16V SEDAN LINEA TERRA 4/5-Doors,9756.506237
675,TOYOTA Corolla 1.3 16V LIFTB G6 4/5-Doors,9163.22037
677,TOYOTA Corolla 1.3 16V HATCHB LINEA LUNA 2/3-Doors,9271.218984
679,TOYOTA Corolla 1.3 16V HATCHB G6 2/3-Doors,9320.892506
680,TOYOTA Corolla 1.6 16V LIFTB LINEA LUNA 4/5-Doors,9909.354648
683,TOYOTA Corolla 2.0 LB LINEA TERRA D 4/5-Doors,8741.354826
687,TOYOTA Corolla 1.6 16V HATCHB G6 2/3-Doors,9810.007603
694,TOYOTA Corolla 1.3 Linea Terra sedan Comf. 4/5-Doors,8765.832191
697,TOYOTA Corolla 1.3 16V HATCHB LINEA TERRA 2/3-Doors,8744.464748
699,TOYOTA Corolla 1.6 16V HATCHB LINEA TERRA 2/3-Doors,9121.753389
701,TOYOTA Corolla 1.6 Linea Terra LB 4/5-Doors,9382.600413
704,TOYOTA Corolla 1.6-16v Linea Terra 2/3-Doors,9121.753389
709,TOYOTA Corolla 1.6 16V WAGON LINEA LUNA Stationwagen,10365.06792
712,TOYOTA Corolla 1.6 16V HATCHB LINEA TERRA 2/3-Doors,9905.526805
714,TOYOTA Corolla 2.0 DSL HATCHB LINEA TERRA 2/3-Doors,8235.968033
715,TOYOTA Corolla 1.6 16V HATCHB LINEA TERRA 2/3-Doors,9121.753389
717,TOYOTA Corolla 1.6 16V LIFTB LINEA LUNA 4/5-Doors,10216.04735
722,TOYOTA Corolla 1.6 Linea Luna Wagon Stationwagen,9531.62098
725,TOYOTA Corolla 1.6 16V SEDAN LINEA LUNA 4/5-Doors,9806.17976
727,TOYOTA Corolla 1.3 16V HATCHB LINEA TERRA 2/3-Doors,8744.464748
730,TOYOTA Corolla 1.3 16V LIFTB LINEA TERRA AUT3 4/5-Doors,9303.352907
731,TOYOTA Corolla 1.6 16V HATCHB LINEA TERRA 2/3-Doors,9121.753389
735,TOYOTA Corolla 1.6 Terra HB 2/3-Doors,9121.753389
739,TOYOTA Corolla 1.6 16V LIFTB LINEA LUNA 4/5-Doors,9909.354648
742,TOYOTA Corolla 1.3 16V HATCHB LINEA TERRA 2/3-Doors,9221.545461
744,TOYOTA Corolla 1.3 16V HATCHB LINEA TERRA 2/3-Doors,8744.464748
750,TOYOTA Corolla 1.6 HB LINEA TERRA 2/3-Doors,9404.606182
757,TOYOTA Corolla 1.6 16V HATCHB G6 2/3-Doors,9810.007603
762,TOYOTA Corolla 1.6 16V SEDAN LINEA TERRA 4/5-Doors,8972.732821
765,TOYOTA Corolla 1.3 HB LINEA TERRA 2/3-Doors,8243.544126
772,TOYOTA Corolla 2.0 D Linea luna Wagon Stationwagen,9873.958805
776,TOYOTA Corolla 1.6 16V LIFTB LINEA TERRA AUT4 4/5-Doors,9883.169729
778,TOYOTA Corolla 1.6 16V SEDAN LINEA TERRA 4/5-Doors,9279.425524
782,TOYOTA Corolla 1.3 16V Linea Terra 2/3-Doors,8744.464748
785,TOYOTA Corolla 1.3 16V HATCHB LINEA LUNA 2/3-Doors,8964.52628
787,TOYOTA Corolla 1.6 16V SEDAN LINEA TERRA 4/5-Doors,8972.732821
788,TOYOTA Corolla 1.3 16V HATCHB LINEA TERRA 2/3-Doors,8744.464748
789,TOYOTA Corolla 2.0 DSL HATCHB LINEA LUNA 2/3-Doors,8762.722268
791,TOYOTA Corolla 1.6 16V LIFTB LINEA LUNA 4/5-Doors,9909.354648
794,TOYOTA Corolla 1.6 16V HATCHB LINEA LUNA AUT4 2/3-Doors,9904.537171
798,TOYOTA Corolla 1.6 16V WAGON LINEA TERRA Stationwagen,10315.3944
801,TOYOTA Corolla 1.6 16V HATCHB LINEA TERRA 2/3-Doors,9428.446092
805,TOYOTA Corolla 1.6 16V HATCHB G6 2/3-Doors,10116.70031
807,TOYOTA Corolla 1.6 16V LIFTB LINEA TERRA 4/5-Doors,10166.37383
811,TOYOTA Corolla 1.3 16V HATCHB LINEA TERRA 2/3-Doors,8861.834146
815,TOYOTA Corolla 1.6 16V HATCHB G6 2/3-Doors,9810.007603
818,TOYOTA Corolla 1.6 16V HATCHB LINEA TERRA 2/3-Doors,9121.753389
819,TOYOTA Corolla 1.3 16V LIFTB LINEA TERRA 4/5-Doors,9420.239551
821,TOYOTA Corolla 1.6 16V LIFTB LINEA LUNA 4/5-Doors,9909.354648
827,TOYOTA Corolla 1.6 16v Linea Luna 2/3-Doors,9471.001039
830,TOYOTA Corolla 1.3 16V LIFTB LINEA TERRA 4/5-Doors,8943.158838
831,TOYOTA Corolla 1.6 16V HATCHB G6 R 2/3-Doors,9810.007603
834,TOYOTA Corolla 1.6 16V LIFTB LINEA TERRA 4/5-Doors,9689.293116
838,TOYOTA Corolla 1.3 16V HATCHB LINEA TERRA 2/3-Doors,8744.464748
844,TOYOTA Corolla 1.3 16V HATCHB LINEA TERRA AUT3 2/3-Doors,8735.81318
846,TOYOTA Corolla 1.6 16V HATCHB G6 2/3-Doors,9810.007603
848,TOYOTA Corolla 1.3 16V HATCHB S 2/3-Doors,9221.545461
861,TOYOTA Corolla 1.6 16V LIFTB LINEA TERRA 4/5-Doors,9382.600413
862,TOYOTA Corolla 1.6 16V LIFTB LINEA LUNA 4/5-Doors,9909.354648
868,TOYOTA Corolla LIFTBACK 1.6 Linea Sol 4/5-Doors,9909.354648
872,TOYOTA Corolla 1.3 16V LIFTB LINEA TERRA AUT3 4/5-Doors,9780.43362
876,TOYOTA Corolla 1.6 16V HATCHB LINEA TERRA 2/3-Doors,9905.526805
877,TOYOTA Corolla 1.6 16V HATCHB G6 R 2/3-Doors,9810.007603
880,TOYOTA Corolla 1.3 16V LIFTB LINEA TERRA 4/5-Doors,8943.158838
882,TOYOTA Corolla 1.3 16V HATCHB LINEA TERRA 2/3-Doors,8437.772045
886,TOYOTA Corolla 1.6 Linea Terra Comfort 4/5-Doors,9756.506237
889,TOYOTA Corolla 1.6 16V LIFTB LINEA LUNA 4/5-Doors,10216.04735
897,TOYOTA Corolla 1.3 16V HATCHB LINEA TERRA 2/3-Doors,8744.464748
899,TOYOTA Corolla 1.6 16V HATCHB LINEA TERRA 2/3-Doors,9905.526805
907,TOYOTA Corolla 1.6 VVTi Linea Luna Lift 4/5-Doors,9175.893082
914,TOYOTA Corolla 1.6 16V HATCHB LINEA TERRA 2/3-Doors,9121.753389
915,TOYOTA Corolla 1.6 16V LIFTB LINEA LUNA 4/5-Doors,9909.354648
918,TOYOTA Corolla 1.6 16V HATCHB S 2/3-Doors,9598.8341
928,TOYOTA Corolla 1.3 16V LIFTB LINEA TERRA 4/5-Doors,8636.466135
929,TOYOTA Corolla 1.3 16V HATCHB LINEA TERRA 2/3-Doors,8437.772045
931,TOYOTA Corolla 1.3 16V SEDAN LINEA TERRA 4/5-Doors,8595.444181
933,TOYOTA Corolla 1.3 16V LIFTB LINEA LUNA 4/5-Doors,9212.893893
935,TOYOTA Corolla 1.3 16V LIFTB G6 4/5-Doors,9212.893893
937,TOYOTA Corolla 1.6 16V LIFTB LINEA TERRA 4/5-Doors,9859.681125
940,TOYOTA Corolla 1.6 16V LIFTB LINEA LUNA 4/5-Doors,10216.04735
943,TOYOTA Corolla 1.6 16V HATCHB G6 2/3-Doors,10116.70031
948,TOYOTA Corolla 2/3-Doors,10249.056
955,TOYOTA Corolla 1.6 16V HATCHB LINEA TERRA 2/3-Doors,9598.834101
960,TOYOTA Corolla 1.6 Linea Luna Aut. 4/5-Doors,10207.39578
963,TOYOTA Corolla 1.6 16V LIFTB LINEA TERRA 4/5-Doors,9689.293116
965,TOYOTA Corolla 1.6 16V LIFTB LINEA TERRA 4/5-Doors,9689.293116
967,TOYOTA Corolla 1.6 16V LIFTB LINEA LUNA 4/5-Doors,9909.354648
969,TOYOTA Corolla 1.6 16V WAGON LINEA TERRA Stationwagen,9838.313683
974,TOYOTA Corolla 1.3 16V LIFTB LINEA LUNA 4/5-Doors,9163.22037
979,TOYOTA Corolla 1.6 16V SEDAN LINEA TERRA 4/5-Doors,9279.425524
986,TOYOTA Corolla 1.6 GTSi HB 2/3-Doors,9121.753389
989,TOYOTA Corolla 1.6 Linea Terra Sedan 4/5-Doors,9279.425524
993,TOYOTA Corolla 1.3 16V HATCHB LINEA TERRA 2/3-Doors,8744.464748
994,TOYOTA Corolla 1.6 16V LIFTB LINEA TERRA 4/5-Doors,9382.600413
995,TOYOTA Corolla 1.6 16V LIFTB LINEA TERRA 4/5-Doors,9689.293116
996,TOYOTA Corolla 1.6 Lin.Terra Aut. 4/5-Doors,10246.30886
997,TOYOTA Corolla 1.6 SD TERRA 4/5-Doors,8972.732821
1002,TOYOTA Corolla 1.6 LB Linea Terra 4/5-Doors,9563.346557
1004,TOYOTA Corolla 1.3 16V HATCHB G6 2/3-Doors,9320.892506
1008,TOYOTA Corolla 1.6 16V LIFTB LINEA LUNA 4/5-Doors,10216.04735
1011,TOYOTA Corolla 1.6 16V WAGON LINEA TERRA Stationwagen,9838.313683
1020,TOYOTA Corolla 1.6 16V HATCHB G6 R 2/3-Doors,9810.007603
1021,TOYOTA Corolla 1.3 16V HATCHB S 2/3-Doors,8914.852758
1025,TOYOTA Corolla 1.6 16V LIFTB LINEA LUNA 4/5-Doors,9909.354648
1027,TOYOTA Corolla 1.6 SDN LINEA TERRA 4/5-Doors,8972.732821
1028,TOYOTA Corolla 1.6 16V HATCHB LINEA TERRA 2/3-Doors,9121.753389
1032,TOYOTA Corolla 1.6 16V LIFTB LINEA TERRA 4/5-Doors,9689.293116
1047,TOYOTA Corolla 1.3 16V SEDAN LINEA TERRA AUT3 4/5-Doors,8586.792612
1050,TOYOTA Corolla 2.0 DSL WAGON LINEA TERRA Stationwagen,6945.837226
1053,TOYOTA Corolla 2.0D LINEA TERRA+airco 2/3-Doors,6326.785094
1054,TOYOTA Corolla 2.0 DSL SEDAN LINEA TERRA 4/5-Doors,6449.102001
1059,TOYOTA Corolla 2.0 DSL SEDAN LINEA TERRA 4/5-Doors,6926.182714
1060,TOYOTA Corolla 2.0 DSL HATCHB LINEA TERRA 2/3-Doors,6598.122569
1070,TOYOTA Corolla 1.3 16V HATCHB LINEA TERRA 2/3-Doors,6799.926581
1077,TOYOTA Corolla 1.6 16v Linea Terra 4/5-Doors,8895.339108
1078,TOYOTA Corolla 2.0D Linea Terra 2/3-Doors,6326.785094
1091,TOYOTA Corolla 2.0 DSL LIFTB LINEA LUNA 4/5-Doors,7323.570894
1093,TOYOTA Corolla 1.6 16V HATCHB LINEA TERRA 2/3-Doors,7483.907924
1103,TOYOTA Corolla 2.0 DSL LIFTB LINEA TERRA 4/5-Doors,6796.816658
1106,TOYOTA Corolla 1.6 16V HATCHB LINEA TERRA 2/3-Doors,7790.600627
1111,TOYOTA Corolla 1.6 16V HATCHB LINEA TERRA 2/3-Doors,7483.907924
1113,TOYOTA Corolla 1.6 16V LIFTB LINEA TERRA 4/5-Doors,7744.754948
1119,TOYOTA Corolla 1.6 16V SEDAN LINEA TERRA 4/5-Doors,7334.887357
1121,TOYOTA Corolla 1.6 HATCHBACK 2/3-Doors,7960.988637
1122,TOYOTA Corolla 1.6 16V LIFTB LINEA TERRA AUT4 4/5-Doors,7938.631561
1127,TOYOTA Corolla 1.3 16V HATCHB S 2/3-Doors,7277.007294
1128,TOYOTA Corolla 1.6 Linea Terra / Keuze uit 700 occasions 2/3-Doors,8789.371021
1131,TOYOTA Corolla 1.3 16V HATCHB S 2/3-Doors,7583.699997
1132,TOYOTA Corolla 1.6 16V SEDAN LINEA TERRA 4/5-Doors,7811.96807
1140,TOYOTA Corolla 1.6 16V HATCHB S 2/3-Doors,7960.988637
1142,TOYOTA Corolla 1.3 16V HATCHB LINEA TERRA 2/3-Doors,6799.926581
1143,TOYOTA Corolla 1.6 16V HATCHB LINEA TERRA 2/3-Doors,7483.907924
1144,TOYOTA Corolla 1.6 3D Terra/Comf. 2/3-Doors,7960.988637
1145,TOYOTA Corolla 1.6 16V HATCHB S 2/3-Doors,7960.988637
1149,TOYOTA Corolla 1.6 16V LIFTB LINEA LUNA AUT4 4/5-Doors,8465.385797
1151,TOYOTA Corolla 1.6 16V LIFTB LINEA TERRA 4/5-Doors,7744.754948
1154,TOYOTA Corolla 1.3 HB LINEA TERRA 2/3-Doors,7082.779374
1158,TOYOTA Corolla 1.6 16V WAGON LINEA TERRA Stationwagen,7893.775516
1167,TOYOTA Corolla 1.6 16v Liftback Linea Terra 4/5-Doors,7915.781285
1169,TOYOTA Corolla 1.6 LINEA TERRA 4/5-Doors,7744.754948
1172,TOYOTA Corolla 1.6 Linea Terra Sedan 4/5-Doors,7641.58006
1173,TOYOTA Corolla 1.3 16V HATCHB LINEA TERRA 2/3-Doors,6799.926581
1174,TOYOTA Corolla 1.3 16V HATCHB LINEA TERRA 2/3-Doors,6799.926581
1178,TOYOTA Corolla 1.6 16V LIFTB LINEA TERRA 4/5-Doors,7744.754948
1180,TOYOTA Corolla 1.6 16V HATCHB LINEA TERRA 2/3-Doors,7960.988637
1191,TOYOTA Corolla 1.3 Linea Luna Hatchback 2/3-Doors,7326.680816
1192,TOYOTA Corolla 1.3 16V HATCHB S 2/3-Doors,7277.007294
1197,TOYOTA Corolla 1.3 16V HATCHB LINEA TERRA 2/3-Doors,6799.926581
1198,TOYOTA Corolla 1.3 16V HATCHB LINEA TERRA AUT3 2/3-Doors,7404.660419
1199,TOYOTA Corolla 1.3 16V HATCHB LINEA TERRA 2/3-Doors,6799.926581
1201,TOYOTA Corolla 1.6 LB LINEA TERRA 4/5-Doors,7925.501093
1208,TOYOTA Corolla 1.6 16V LIFTB LINEA LUNA 4/5-Doors,8271.509184
1215,TOYOTA Corolla 1.6 16V SEDAN LINEA TERRA 4/5-Doors,7641.58006
1218,TOYOTA Corolla 1.3 16V HATCHB LINEA TERRA 2/3-Doors,6799.926581
1222,TOYOTA Corolla 1.6 HB LINEA LUNA 2/3-Doors,10030.50359
1223,TOYOTA Corolla 2.0 DSL LIFTB LINEA TERRA 4/5-Doors,7273.897371
1228,TOYOTA Corolla 1.6 16V HATCHB LINEA TERRA 2/3-Doors,7483.907924
1229,TOYOTA Corolla 1.6 16V LIFTB LINEA TERRA 4/5-Doors,8221.835661
1236,TOYOTA Corolla 1.6 16V HATCHB LINEA LUNA 2/3-Doors,8072.815094
1237,TOYOTA Corolla LIFTBACK 1.6 Linea Terra Liftback 4/5-Doors,8051.447651
1239,TOYOTA Corolla 1.6 16V LIFTB LINEA TERRA 4/5-Doors,7744.75494
1248,TOYOTA Corolla 1.6 Linea Luna 4/5-Doors,8271.509184
1250,TOYOTA Corolla 1.6 16V LIFTB LINEA TERRA 4/5-Doors,8051.44765
1256,TOYOTA Corolla 1.6 16V SEDAN LINEA TERRA 4/5-Doors,7334.887357
1260,TOYOTA Corolla 1.3 HB LINEA TERRA 2/3-Doors,6605.69866
1263,TOYOTA Corolla 1.3 16V HATCHB LINEA TERRA 2/3-Doors,7106.619284
1264,TOYOTA Corolla 1.3 16V HATCHB LINEA TERRA 2/3-Doors,6799.92658
1276,TOYOTA Corolla 1.3 16V SEDAN LINEA TERRA 4/5-Doors,7434.67949
1278,TOYOTA Corolla 1.6 16V LIFTB LINEA TERRA 4/5-Doors,7744.754948
1282,TOYOTA Corolla 1.6 16V HATCHB LINEA TERRA 2/3-Doors,7483.907924
1287,TOYOTA Corolla 1.3 SDN LINEA TERRA AUT 4/5-Doors,7082.779374
1288,TOYOTA Corolla 1.6 16V LIFTB LINEA TERRA 4/5-Doors,7744.754948
1290,TOYOTA Corolla 1.6 16V LIFTB LINEA LUNA 4/5-Doors,8271.509184
1292,TOYOTA Corolla 1.6 16V HATCHB LINEA TERRA 2/3-Doors,7483.907924
1300,TOYOTA Corolla 1.6 16V LIFTB LINEA LUNA 4/5-Doors,8271.509184
1302,TOYOTA Corolla 1.6 16V SEDAN LINEA TERRA 4/5-Doors,7334.887357
1303,TOYOTA Corolla 1.6 16V HATCHB LINEA TERRA 2/3-Doors,7790.60062
1305,TOYOTA Corolla 1.6 16V HATCHB LINEA TERRA 2/3-Doors,7483.90794
1307,TOYOTA Corolla 1.6 VVTi Linea terra 2/3-Doors,7790.600627
1319,TOYOTA Corolla 1.6 16V WAGON LINEA TERRA Stationwagen,8677.548932
1322,TOYOTA Corolla 1.3 16V HATCHB LINEA TERRA AUT3 2/3-Doors,7404.66041
1326,TOYOTA Corolla 1.6 16V LIFTB LINEA LUNA 4/5-Doors,8271.50914
1327,TOYOTA Corolla 2.0 DSL HATCHB LINEA TERRA 2/3-Doors,7075.203281
1329,TOYOTA Corolla 1.6 16V LIFTB LINEA LUNA 4/5-Doors,8271.509184
1330,TOYOTA Corolla 1.6 16V LIFTB LINEA LUNA 4/5-Doors,8578.201887
1332,TOYOTA Corolla 1.3 16V HATCHB LINEA TERRA 2/3-Doors,7106.619284
1342,TOYOTA Corolla 1.6 16V HATCHB LINEA LUNA 2/3-Doors,8072.81509
1344,TOYOTA Corolla 1.6 16V SEDAN LINEA TERRA 4/5-Doors,7811.96807
1345,TOYOTA Corolla Hatchback 1.6 Terra Comfort 2/3-Doors,7960.988637
1346,TOYOTA Corolla 1.6 16V SEDAN LINEA TERRA 4/5-Doors,7641.58
1347,TOYOTA Corolla 1.6 16V HATCHB LINEA TERRA 2/3-Doors,7790.600627
1349,TOYOTA Corolla 1.6 16V LIFTB LINEA LUNA 4/5-Doors,8578.201887
1351,TOYOTA Corolla 1.6 16V LIFTB LINEA TERRA 4/5-Doors,7744.754948
1354,TOYOTA Corolla 1.6 16V SEDAN LINEA TERRA 4/5-Doors,7641.58006
1359,TOYOTA Corolla 1.6 16V LIFTB LINEA LUNA 4/5-Doors,8578.20187
1360,TOYOTA Corolla 1.6 LB LINEA LUNA 4/5-Doors,10666.32468
1362,TOYOTA Corolla 1.6 16V HATCHB LINEA TERRA 2/3-Doors,7483.907924
1366,TOYOTA Corolla 1.6 16V WAGON LINEA TERRA Stationwagen,8200.468219
1371,TOYOTA Corolla 1.3 16V HATCHB LINEA TERRA 2/3-Doors,7277.007294
1372,TOYOTA Corolla 1.3 16V SEDAN LINEA TERRA AUT3 4/5-Doors,7255.639851
1378,TOYOTA Corolla 1.3 16V WAGON LINEA TERRA Stationwagen,7147.641238
1381,TOYOTA Corolla 1.3 16V HATCHB G6 2/3-Doors,7376.354338
1387,TOYOTA Corolla 1.6 16V LIFTB LINEA LUNA 4/5-Doors,8578.201887
1394,TOYOTA Corolla 1.6 LB LINEA TERRA 4/5-Doors,8402.5818
1396,TOYOTA Corolla 1.6 16V HATCHB LINEA TERRA 2/3-Doors,7483.90794
1398,TOYOTA Corolla 1.3 16V SEDAN LINEA TERRA 4/5-Doors,6650.90603
1399,TOYOTA Corolla 1.3 16V LIFTB LINEA TERRA 4/5-Doors,7475.701383
1406,TOYOTA Corolla LIFTBACK 1.3i Linea Terra Liftback 4/5-Doors,6998.620671
1407,TOYOTA Corolla LIFTBACK 1.6 Linea terra 4/5-Doors,7744.754948
1411,TOYOTA Corolla 1.6 16V HATCHB LINEA TERRA 2/3-Doors,7960.98863
1412,TOYOTA Corolla 1.3 16V LIFTB LINEA TERRA 4/5-Doors,7305.313374
1414,TOYOTA Corolla 1.6 GL LB 4/5-Doors,8271.50918
1417,TOYOTA Corolla 1.3 16V SEDAN LINEA TERRA 4/5-Doors,6650.90603
1419,TOYOTA Corolla 1.6 16V HATCHB LINEA TERRA 2/3-Doors,7790.60067
1423,TOYOTA Corolla 1.6 LB 4/5-Doors,7925.501093
1433,TOYOTA Corolla 1.6 Lin.Terra Aut. 2/3-Doors,8150.794696
1435,TOYOTA Corolla 1.3 16V HATCHB LINEA TERRA 2/3-Doors,6799.926581
1436,TOYOTA Corolla 1.3 Linea Terra 4/5-Doors,7665.50744
1437,TOYOTA Corolla 1.3 16V HATCHB LINEA TERRA 2/3-Doors,6799.92651
1439,TOYOTA Corolla 1.3 16V HATCHB LINEA TERRA 2/3-Doors,6799.92651
